"Actual_Bike_Rent_Count","Pred_count_RF_test"
985,1424.29233180614
1562,1233.2789930893
1600,1271.47914124816
1985,1262.86070072643
1360,1581.75715897066
1005,1451.51511928812
1605,1530.78751275576
1917,1680.21519243865
2402,1919.1317029637
1851,1846.08005635524
2133,1983.64694813013
623,1983.66667171717
2132,1999.98421367521
2417,2130.57512740184
2046,2119.83046806118
2056,1897.38538816739
2744,2231.95885714286
2471,2037.3987940685
2077,2593.12117063492
2252,2040.25233030463
2455,2210.35869994948
795,2179.27893772894
3429,4244.86657869874
4036,2934.08941720806
3351,3530.99282051282
4105,4077.39437276449
3409,3513.84387276449
4123,3920.53194327731
4917,4567.50794158692
4758,4686.26594633218
3982,4622.69140277778
3974,4249.7635
4548,5120.05104395604
4966,4701.51994871795
4891,4928.09837728938
4844,4678.36875824176
4835,4285.90509395604
5305,5086.91954761905
4708,4655.32159395604
5362,5057.34198968575
4592,4460.16116660992
4040,4265.02126062271
5336,4739.77905307008
5084,5161.4970856676
5538,5106.47090373842
4458,4481.05921422897
3285,4045.5017890153
3840,4545.76995079796
4266,4591.03726798862
4905,5034.55629152836
3820,3888.87954857132
4694,4782.82740061927
4661,4841.73412660995
1115,3934.23726652004
5058,5109.48102504485
3641,4202.51290292322
5010,4484.28075
4456,4454.34538922189
4826,4688.68979131979
2659,3876.60746428571
3926,3121.20432012701
3368,3186.58340346034
4067,2948.72509790478
3717,3466.95370901589
3663,3175.40840346034
3485,3625.67470154845
3322,3193.55597619048
2743,2947.78364021164
3740,3545.50045238095
2739,3053.49131746032
3068,2664.30941919192
1951,3109.68396762252
4098,3850.3389523286
3425,3849.47484203612
2493,2931.11019717075
4270,3383.92789677305
3243,3291.84739362342
4579,5591.87017411802
3784,3757.29534492314
4375,4102.29740311495
2802,2808.34725041625
3422,3209.97304727265
5062,5491.94971166381
2732,3106.03797537963
4916,4081.92261664771
4569,3770.55726551227
4118,3687.0534490653
5892,5543.69133744034
6153,5989.76204146103
6871,5939.41407026144
3372,5408.38679040404
5102,4711.83591008991
5459,4761.44573934001
6460,5065.11234628898
1027,3425.24544623656
5633,5269.33160985874
5026,5851.20204487179
6233,6091.91216048735
4220,4848.53473934001
5572,5307.30237315462
6169,6174.47319816132
6421,5782.26622294372
6359,6125.99714285714
6118,6889.22905893299
2843,5044.23926556777
7424,6819.90948112835
7384,7075.03563036156
7129,6961.50479702822
6536,6442.1118020362
6591,6436.81696870287
6855,6308.32954761905
7001,6245.4519562937
7498,7094.55691169215
6779,6948.29237526206
7499,6737.8690708344
7410,6266.5941977467
7175,6576.80897619047
5464,6700.67250468655
7347,7251.49921313567
7765,7362.9166145032
6917,6874.55658647725
7040,7083.83122315273
6203,5894.31305561106
7333,7749.0938198286
8395,7710.81871512611
8156,7332.99834670728
7965,7178.80559778952
5478,4485.81992501503
5875,6782.60586935287
5424,6569.79061904762
8090,7151.17609432234
6824,7227.22312728938
7466,7316.15077303252
7693,7283.98520385013
7359,6959.8964010989
4459,5925.76370512821
5107,5393.58069158648
5992,5301.35142495656
6606,6513.31685231272
5729,6254.17324343936
5582,3941.04864798134
441,1860.62916666667
1341,2132.33288461538
2729,2374.25288461538
